"법정구역","2026년06월_계_총인구수","2026년06월_계_연령구간인구수","2026년06월_계_0~9세","2026년06월_계_10~19세","2026년06월_계_20~29세","2026년06월_계_30~39세","2026년06월_계_40~49세","2026년06월_계_50~59세","2026년06월_계_60~69세","2026년06월_계_70~79세","2026년06월_계_80~89세","2026년06월_계_90~99세","2026년06월_계_100세 이상","2026년06월_남_총인구수","2026년06월_남_연령구간인구수","2026년06월_남_0~9세","2026년06월_남_10~19세","2026년06월_남_20~29세","2026년06월_남_30~39세","2026년06월_남_40~49세","2026년06월_남_50~59세","2026년06월_남_60~69세","2026년06월_남_70~79세","2026년06월_남_80~89세","2026년06월_남_90~99세","2026년06월_남_100세 이상","2026년06월_여_총인구수","2026년06월_여_연령구간인구수","2026년06월_여_0~9세","2026년06월_여_10~19세","2026년06월_여_20~29세","2026년06월_여_30~39세","2026년06월_여_40~49세","2026년06월_여_50~59세","2026년06월_여_60~69세","2026년06월_여_70~79세","2026년06월_여_80~89세","2026년06월_여_90~99세","2026년06월_여_100세 이상"
"부산광역시   (2600000000)","3,232,370","3,232,370","165,292","266,032","330,103","388,502","455,808","523,555","551,101","375,719","153,802","21,978","478","1,570,097","1,570,097","84,626","135,999","168,075","200,912","230,885","257,103","259,023","168,273","59,742","5,399","60","1,662,273","1,662,273","80,666","130,033","162,028","187,590","224,923","266,452","292,078","207,446","94,060","16,579","418"
"부산광역시 중구  (2611000000)","36,306","36,306","595","1,519","4,610","3,991","3,796","5,826","7,202","5,782","2,622","353","10","17,580","17,580","327","728","2,144","2,216","2,046","3,075","3,457","2,506","989","91","1","18,726","18,726","268","791","2,466","1,775","1,750","2,751","3,745","3,276","1,633","262","9"
"부산광역시 중구 영주동 (2611010100)","10,117","10,117","197","480","1,058","988","1,077","1,757","1,974","1,706","790","88","2","4,978","4,978","110","225","564","572","586","907","960","737","291","25","1","5,139","5,139","87","255","494","416","491","850","1,014","969","499","63","1"
"부산광역시 중구 대창동1가 (2611010200)","492","492","9","15","63","96","53","75","75","71","33","2","0","229","229","4","10","27","49","26","34","28","40","11","0","0","263","263","5","5","36","47","27","41","47","31","22","2","0"
"부산광역시 중구 대창동2가 (2611010300)","46","46","1","1","8","6","6","3","11","8","2","0","0","27","27","0","0","4","4","4","3","7","4","1","0","0","19","19","1","1","4","2","2","0","4","4","1","0","0"
"부산광역시 중구 중앙동1가 (2611010400)","248","248","3","4","86","60","19","21","31","17","6","1","0","114","114","2","2","26","31","9","16","19","6","3","0","0","134","134","1","2","60","29","10","5","12","11","3","1","0"
"부산광역시 중구 중앙동2가 (2611010500)","417","417","3","8","133","120","52","33","36","18","10","4","0","197","197","2","6","47","60","25","21","22","12","1","1","0","220","220","1","2","86","60","27","12","14","6","9","3","0"
"부산광역시 중구 중앙동3가 (2611010600)","89","89","1","0","5","7","6","18","22","19","8","3","0","40","40","1","0","1","2","2","11","11","9","3","0","0","49","49","0","0","4","5","4","7","11","10","5","3","0"
"부산광역시 중구 중앙동4가 (2611010700)","1,249","1,249","11","19","335","328","119","161","133","103","34","6","0","603","603","5","6","128","171","63","84","72","58","13","3","0","646","646","6","13","207","157","56","77","61","45","21","3","0"
"부산광역시 중구 중앙동5가 (2611010800)","589","589","1","5","226","202","77","41","24","8","4","1","0","257","257","1","2","66","93","43","30","14","4","3","1","0","332","332","0","3","160","109","34","11","10","4","1","0","0"
"부산광역시 중구 중앙동6가 (2611010900)","47","47","0","0","3","0","3","11","15","12","3","0","0","25","25","0","0","3","0","2","5","9","5","1","0","0","22","22","0","0","0","0","1","6","6","7","2","0","0"
"부산광역시 중구 중앙동7가 (2611011000)","0","0","0","0","0","0","0","0","0","0","0","0","0","0","0","0","0","0","0","0","0","0","0","0","0","0","0","0","0","0","0","0","0","0","0","0","0","0","0"
"부산광역시 중구 동광동1가 (2611011100)","122","122","6","9","10","10","11","13","18","29","14","2","0","55","55","2","4","6","6","6","8","6","10","6","1","0","67","67","4","5","4","4","5","5","12","19","8","1","0"
"부산광역시 중구 동광동2가 (2611011200)","65","65","1","4","3","5","12","12","12","10","6","0","0","37","37","1","3","2","4","8","7","7","3","2","0","0","28","28","0","1","1","1","4","5","5","7","4","0","0"
"부산광역시 중구 동광동3가 (2611011300)","113","113","0","3","9","13","16","16","26","16","13","1","0","78","78","0","3","5","11","10","13","16","11","8","1","0","35","35","0","0","4","2","6","3","10","5","5","0","0"
"부산광역시 중구 동광동4가 (2611011400)","94","94","2","4","12","8","14","15","18","15","6","0","0","52","52","1","2","10","5","7","7","11","9","0","0","0","42","42","1","2","2","3","7","8","7","6","6","0","0"
"부산광역시 중구 동광동5가 (2611011500)","1,858","1,858","28","61","128","140","177","295","443","374","186","23","3","940","940","16","22","71","86","96","171","227","171","74","6","0","918","918","12","39","57","54","81","124","216","203","112","17","3"
"부산광역시 중구 대청동1가 (2611011600)","983","983","10","38","199","148","117","142","161","116","45","7","0","492","492","5","19","85","93","55","79","86","51","17","2","0","491","491","5","19","114","55","62","63","75","65","28","5","0"
"부산광역시 중구 대청동2가 (2611011700)","466","466","6","21","95","63","49","72","85","46","23","5","1","219","219","4","13","45","31","23","37","43","16","7","0","0","247","247","2","8","50","32","26","35","42","30","16","5","1"
"부산광역시 중구 대청동3가 (2611011800)","155","155","1","7","33","24","15","14","35","13","10","3","0","81","81","1","2","14","14","8","10","20","9","2","1","0","74","74","0","5","19","10","7","4","15","4","8","2","0"
"부산광역시 중구 대청동4가 (2611011900)","3,859","3,859","57","167","406","316","408","654","834","651","316","49","1","1,810","1,810","35","81","190","174","223","333","375","256","133","10","0","2,049","2,049","22","86","216","142","185","321","459","395","183","39","1"
"부산광역시 중구 보수동1가 (2611012000)","5,296","5,296","63","238","460","420","496","908","1,244","968","434","63","2","2,595","2,595","35","124","246","245","284","467","613","408","153","20","0","2,701","2,701","28","114","214","175","212","441","631","560","281","43","2"
"부산광역시 중구 보수동2가 (2611012100)","2,246","2,246","63","119","490","307","236","309","316","267","117","21","1","1,008","1,008","32","50","201","160","117","171","125","97","48","7","0","1,238","1,238","31","69","289","147","119","138","191","170","69","14","1"
"부산광역시 중구 보수동3가 (2611012200)","2,208","2,208","56","106","411","290","250","345","362","263","110","15","0","980","980","33","43","168","147","131","153","150","118","36","1","0","1,228","1,228","23","63","243","143","119","192","212","145","74","14","0"
"부산광역시 중구 부평동1가 (2611012300)","651","651","4","21","28","43","68","105","144","159","68","11","0","311","311","1","11","12","27","35","61","69","64","31","0","0","340","340","3","10","16","16","33","44","75","95","37","11","0"
"부산광역시 중구 부평동2가 (2611012400)","943","943","13","23","65","67","77","153","253","195","91","6","0","446","446","6","12","36","36","50","78","109","83","35","1","0","497","497","7","11","29","31","27","75","144","112","56","5","0"
"부산광역시 중구 부평동3가 (2611012500)","626","626","6","15","75","53","66","106","131","117","49","8","0","308","308","2","7","36","32","43","54","63","54","15","2","0","318","318","4","8","39","21","23","52","68","63","34","6","0"
"부산광역시 중구 부평동4가 (2611012600)","1,752","1,752","28","99","198","170","215","284","359","265","119","15","0","848","848","18","52","110","103","105","147","146","117","47","3","0","904","904","10","47","88","67","110","137","213","148","72","12","0"
"부산광역시 중구 신창동1가 (2611012700)","350","350","15","31","20","18","48","50","85","50","29","4","0","170","170","4","18","13","9","23","26","39","26","10","2","0","180","180","11","13","7","9","25","24","46","24","19","2","0"
"부산광역시 중구 신창동2가 (2611012800)","169","169","2","4","5","11","20","23","50","41","12","1","0","82","82","2","2","4","6","9","15","23","17","4","0","0","87","87","0","2","1","5","11","8","27","24","8","1","0"
"부산광역시 중구 신창동3가 (2611012900)","64","64","0","0","3","7","9","9","17","17","2","0","0","28","28","0","0","2","2","6","3","8","7","0","0","0","36","36","0","0","1","5","3","6","9","10","2","0","0"
"부산광역시 중구 신창동4가 (2611013000)","74","74","4","0","10","7","10","10","16","14","3","0","0","38","38","2","0","6","3","3","6","10","6","2","0","0","36","36","2","0","4","4","7","4","6","8","1","0","0"
"부산광역시 중구 창선동1가 (2611013100)","24","24","0","0","0","4","1","4","6","7","2","0","0","14","14","0","0","0","3","0","4","2","4","1","0","0","10","10","0","0","0","1","1","0","4","3","1","0","0"
"부산광역시 중구 창선동2가 (2611013200)","66","66","0","2","4","4","12","14","8","16","5","1","0","30","30","0","0","1","2","8","7","4","6","2","0","0","36","36","0","2","3","2","4","7","4","10","3","1","0"
"부산광역시 중구 광복동1가 (2611013300)","44","44","2","0","6","5","5","7","8","6","4","1","0","23","23","1","0","3","2","2","4","6","2","2","1","0","21","21","1","0","3","3","3","3","2","4","2","0","0"
"부산광역시 중구 광복동2가 (2611013400)","23","23","0","0","2","0","0","4","8","4","4","1","0","15","15","0","0","1","0","0","4","6","2","2","0","0","8","8","0","0","1","0","0","0","2","2","2","1","0"
"부산광역시 중구 광복동3가 (2611013500)","23","23","0","0","0","4","1","5","3","3","6","1","0","14","14","0","0","0","3","1","3","2","1","4","0","0","9","9","0","0","0","1","0","2","1","2","2","1","0"
"부산광역시 중구 남포동1가 (2611013600)","60","60","0","3","1","3","8","6","20","17","1","1","0","33","33","0","0","0","3","7","4","12","7","0","0","0","27","27","0","3","1","0","1","2","8","10","1","1","0"
"부산광역시 중구 남포동2가 (2611013700)","53","53","1","2","5","2","7","8","12","14","2","0","0","27","27","0","2","2","0","5","4","6","6","2","0","0","26","26","1","0","3","2","2","4","6","8","0","0","0"
"부산광역시 중구 남포동3가 (2611013800)","6","6","0","0","0","1","0","1","3","0","0","1","0","4","4","0","0","0","1","0","1","2","0","0","0","0","2","2","0","0","0","0","0","0","1","0","0","1","0"
"부산광역시 중구 남포동4가 (2611013900)","177","177","0","5","2","16","14","39","51","35","14","1","0","111","111","0","5","1","10","7","29","32","21","6","0","0","66","66","0","0","1","6","7","10","19","14","8","1","0"
"부산광역시 중구 남포동5가 (2611014000)","170","170","0","2","9","10","11","39","48","39","10","2","0","102","102","0","1","6","5","8","26","31","20","4","1","0","68","68","0","1","3","5","3","13","17","19","6","1","0"
"부산광역시 중구 남포동6가 (2611014100)","272","272","1","3","4","15","11","44","105","53","31","5","0","159","159","1","1","2","11","6","32","66","29","9","2","0","113","113","0","2","2","4","5","12","39","24","22","3","0"
"부산광역시 서구  (2614000000)","101,216","101,216","3,977","7,033","10,439","10,073","12,459","16,286","18,802","14,457","6,689","973","28","48,407","48,407","2,048","3,626","4,981","5,129","6,351","8,305","8,926","6,317","2,487","232","5","52,809","52,809","1,929","3,407","5,458","4,944","6,108","7,981","9,876","8,140","4,202","741","23"
"부산광역시 서구 동대신동1가 (2614010100)","4,996","4,996","246","319","470","527","647","800","887","698","337","63","2","2,405","2,405","130","175","227","276","327","413","418","309","119","10","1","2,591","2,591","116","144","243","251","320","387","469","389","218","53","1"
"부산광역시 서구 동대신동2가 (2614010200)","6,144","6,144","114","370","518","429","637","1,089","1,242","1,103","555","85","2","2,937","2,937","47","194","250","230","342","548","590","482","228","26","0","3,207","3,207","67","176","268","199","295","541","652","621","327","59","2"
"부산광역시 서구 동대신동3가 (2614010300)","6,911","6,911","219","486","972","655","818","1,130","1,141","938","477","73","2","3,188","3,188","117","257","403","348","396","580","514","385","170","17","1","3,723","3,723","102","229","569","307","422","550","627","553","307","56","1"
"부산광역시 서구 서대신동1가 (2614010400)","5,427","5,427","347","529","634","637","886","806","769","529","256","33","1","2,576","2,576","179","261","310","314","434","382","370","213","103","10","0","2,851","2,851","168","268","324","323","452","424","399","316","153","23","1"
"부산광역시 서구 서대신동2가 (2614010500)","9,025","9,025","575","812","772","1,103","1,383","1,412","1,333","1,056","511","66","2","4,213","4,213","295","443","369","516","655","677","598","441","202","17","0","4,812","4,812","280","369","403","587","728","735","735","615","309","49","2"
"부산광역시 서구 서대신동3가 (2614010600)","13,946","13,946","642","1,491","1,289","1,252","1,948","2,428","2,407","1,628","732","124","5","6,554","6,554","333","785","629","609","900","1,187","1,076","732","265","37","1","7,392","7,392","309","706","660","643","1,048","1,241","1,331","896","467","87","4"
"부산광역시 서구 부용동1가 (2614010700)","1,635","1,635","61","135","324","244","213","206","242","142","59","8","1","735","735","31","55","145","120","97","96","98","68","23","2","0","900","900","30","80","179","124","116","110","144","74","36","6","1"
"부산광역시 서구 부용동2가 (2614010800)","1,123","1,123","21","72","250","103","94","154","172","164","78","14","1","552","552","11","33","108","60","53","86","82","86","27","6","0","571","571","10","39","142","43","41","68","90","78","51","8","1"
"부산광역시 서구 부민동1가 (2614010900)","1,259","1,259","52","122","307","119","187","154","154","118","38","8","0","553","553","28","47","115","51","90","87","69","48","18","0","0","706","706","24","75","192","68","97","67","85","70","20","8","0"
"부산광역시 서구 부민동2가 (2614011000)","299","299","0","25","139","52","9","16","28","15","12","3","0","138","138","0","14","59","25","6","8","16","6","3","1","0","161","161","0","11","80","27","3","8","12","9","9","2","0"
"부산광역시 서구 부민동3가 (2614011100)","2,956","2,956","117","246","394","293","358","507","486","370","161","22","2","1,435","1,435","60","130","199","143","185","254","232","161","67","4","0","1,521","1,521","57","116","195","150","173","253","254","209","94","18","2"
"부산광역시 서구 토성동1가 (2614011200)","2,626","2,626","151","184","277","320","368","426","469","289","131","11","0","1,266","1,266","80","95","144","151","193","211","216","122","52","2","0","1,360","1,360","71","89","133","169","175","215","253","167","79","9","0"
"부산광역시 서구 토성동2가 (2614011300)","931","931","17","44","200","106","100","144","147","108","58","7","0","434","434","12","17","90","55","55","77","65","39","21","3","0","497","497","5","27","110","51","45","67","82","69","37","4","0"
"부산광역시 서구 토성동3가 (2614011400)","560","560","15","29","84","73","51","88","105","66","43","6","0","268","268","10","16","34","39","29","44","49","32","14","1","0","292","292","5","13","50","34","22","44","56","34","29","5","0"
"부산광역시 서구 아미동1가 (2614011500)","243","243","2","7","42","29","13","47","43","42","16","1","1","110","110","0","2","17","18","6","22","22","15","8","0","0","133","133","2","5","25","11","7","25","21","27","8","1","1"
"부산광역시 서구 아미동2가 (2614011600)","5,750","5,750","101","139","613","644","453","838","1,185","1,129","555","92","1","2,828","2,828","55","74","277","333","263","493","617","504","191","21","0","2,922","2,922","46","65","336","311","190","345","568","625","364","71","1"
"부산광역시 서구 토성동4가 (2614011700)","306","306","2","2","68","34","32","57","40","38","29","4","0","142","142","1","0","24","16","16","38","23","15","8","1","0","164","164","1","2","44","18","16","19","17","23","21","3","0"
"부산광역시 서구 토성동5가 (2614011800)","1,815","1,815","53","112","211","190","205","304","367","265","94","13","1","873","873","22","57","95","105","110","151","171","121","39","1","1","942","942","31","55","116","85","95","153","196","144","55","12","0"
"부산광역시 서구 초장동 (2614011900)","3,444","3,444","42","120","225","224","326","545","784","726","402","49","1","1,740","1,740","20","54","126","143","181","327","410","336","133","9","1","1,704","1,704","22","66","99","81","145","218","374","390","269","40","0"
"부산광역시 서구 충무동1가 (2614012000)","1,358","1,358","28","55","95","148","143","202","316","262","97","12","0","671","671","13","30","47","71","78","109","168","109","42","4","0","687","687","15","25","48","77","65","93","148","153","55","8","0"
"부산광역시 서구 충무동2가 (2614012100)","1,057","1,057","18","47","71","72","105","158","245","219","108","14","0","493","493","8","21","40","40","57","88","110","90","38","1","0","564","564","10","26","31","32","48","70","135","129","70","13","0"
"부산광역시 서구 충무동3가 (2614012200)","589","589","13","19","33","51","53","118","129","112","55","6","0","284","284","5","6","15","21","26","65","75","49","21","1","0","305","305","8","13","18","30","27","53","54","63","34","5","0"
"부산광역시 서구 남부민동 (2614012300)","11,311","11,311","196","432","725","802","1,104","1,860","2,639","2,317","1,087","147","2","5,566","5,566","107","222","391","450","624","1,033","1,301","1,018","387","33","0","5,745","5,745","89","210","334","352","480","827","1,338","1,299","700","114","2"
"부산광역시 서구 암남동 (2614012400)","17,505","17,505","945","1,236","1,726","1,966","2,326","2,797","3,472","2,123","798","112","4","8,446","8,446","484","638","867","995","1,228","1,329","1,636","936","308","25","0","9,059","9,059","461","598","859","971","1,098","1,468","1,836","1,187","490","87","4"
"부산광역시 동구  (2617000000)","83,354","83,354","3,342","4,488","7,777","10,581","10,401","13,373","14,957","11,836","5,714","868","17","40,508","40,508","1,749","2,277","3,658","5,559","5,573","7,012","7,274","5,141","2,058","205","2","42,846","42,846","1,593","2,211","4,119","5,022","4,828","6,361","7,683","6,695","3,656","663","15"
"부산광역시 동구 초량동 (2617010100)","27,517","27,517","1,186","1,674","3,009","3,747","3,778","4,382","4,453","3,461","1,580","243","4","13,397","13,397","615","863","1,336","1,920","1,975","2,332","2,211","1,499","586","58","2","14,120","14,120","571","811","1,673","1,827","1,803","2,050","2,242","1,962","994","185","2"
"부산광역시 동구 수정동 (2617010200)","20,038","20,038","474","1,037","1,580","1,847","2,149","3,361","3,914","3,584","1,813","274","5","9,643","9,643","259","523","826","1,019","1,173","1,805","1,839","1,490","651","58","0","10,395","10,395","215","514","754","828","976","1,556","2,075","2,094","1,162","216","5"
"부산광역시 동구 좌천동 (2617010300)","12,526","12,526","431","624","1,071","1,353","1,461","2,004","2,456","1,954","1,020","148","4","6,042","6,042","213","332","528","742","778","1,009","1,203","851","351","35","0","6,484","6,484","218","292","543","611","683","995","1,253","1,103","669","113","4"
"부산광역시 동구 범일동 (2617010400)","23,273","23,273","1,251","1,153","2,117","3,634","3,013","3,626","4,134","2,837","1,301","203","4","11,426","11,426","662","559","968","1,878","1,647","1,866","2,021","1,301","470","54","0","11,847","11,847","589","594","1,149","1,756","1,366","1,760","2,113","1,536","831","149","4"
"부산광역시 영도구  (2620000000)","100,570","100,570","3,401","6,242","8,515","8,744","11,759","16,482","20,288","16,605","7,545","975","14","49,340","49,340","1,745","3,249","4,744","4,686","6,192","8,486","9,892","7,310","2,786","250","0","51,230","51,230","1,656","2,993","3,771","4,058","5,567","7,996","10,396","9,295","4,759","725","14"
"부산광역시 영도구 대교동1가 (2620010100)","1,157","1,157","34","34","160","170","148","216","220","123","48","4","0","596","596","16","19","66","96","82","124","120","53","19","1","0","561","561","18","15","94","74","66","92","100","70","29","3","0"
"부산광역시 영도구 대교동2가 (2620010200)","1,332","1,332","44","78","121","137","177","189","281","208","87","10","0","666","666","21","41","57","71","92","103","151","95","34","1","0","666","666","23","37","64","66","85","86","130","113","53","9","0"
"부산광역시 영도구 대평동1가 (2620010300)","1,602","1,602","43","97","102","107","177","248","346","292","161","28","1","776","776","27","50","53","52","103","129","172","126","57","7","0","826","826","16","47","49","55","74","119","174","166","104","21","1"
"부산광역시 영도구 대평동2가 (2620010400)","272","272","3","8","13","17","24","46","62","60","34","5","0","151","151","1","2","10","10","12","29","42","31","12","2","0","121","121","2","6","3","7","12","17","20","29","22","3","0"
"부산광역시 영도구 남항동1가 (2620010500)","2,845","2,845","61","145","202","226","318","477","636","512","235","33","0","1,402","1,402","34","75","118","116","177","262","309","225","78","8","0","1,443","1,443","27","70","84","110","141","215","327","287","157","25","0"
"부산광역시 영도구 남항동2가 (2620010600)","966","966","18","37","54","69","105","152","224","206","85","16","0","481","481","9","20","32","37","61","86","114","90","30","2","0","485","485","9","17","22","32","44","66","110","116","55","14","0"
"부산광역시 영도구 남항동3가 (2620010700)","1,584","1,584","17","55","118","107","133","261","353","348","172","20","0","785","785","6","26","75","62","78","149","181","145","57","6","0","799","799","11","29","43","45","55","112","172","203","115","14","0"
"부산광역시 영도구 영선동1가 (2620010800)","1,112","1,112","32","62","95","93","105","160","239","215","97","14","0","538","538","17","31","40","51","54","93","109","96","41","6","0","574","574","15","31","55","42","51","67","130","119","56","8","0"
"부산광역시 영도구 영선동2가 (2620010900)","2,396","2,396","71","152","164","173","243","391","544","436","198","23","1","1,125","1,125","30","82","87","85","134","187","242","181","91","6","0","1,271","1,271","41","70","77","88","109","204","302","255","107","17","1"
"부산광역시 영도구 영선동3가 (2620011000)","1,487","1,487","27","73","99","105","138","233","353","272","172","15","0","695","695","15","37","53","55","74","111","161","115","69","5","0","792","792","12","36","46","50","64","122","192","157","103","10","0"
"부산광역시 영도구 영선동4가 (2620011100)","5,437","5,437","159","358","405","443","576","904","1,108","975","458","51","0","2,653","2,653","84","193","230","240","284","456","543","420","189","14","0","2,784","2,784","75","165","175","203","292","448","565","555","269","37","0"
"부산광역시 영도구 신선동1가 (2620011200)","1,615","1,615","26","64","110","86","156","267","331","355","192","28","0","785","785","14","35","64","50","91","158","171","139","58","5","0","830","830","12","29","46","36","65","109","160","216","134","23","0"
"부산광역시 영도구 신선동2가 (2620011300)","3,032","3,032","45","112","170","183","268","475","716","648","371","44","0","1,497","1,497","21","54","83","110","154","281","373","278","134","9","0","1,535","1,535","24","58","87","73","114","194","343","370","237","35","0"
"부산광역시 영도구 신선동3가 (2620011400)","1,657","1,657","22","65","113","98","151","311","377","304","191","25","0","822","822","12","37","66","59","82","175","205","116","65","5","0","835","835","10","28","47","39","69","136","172","188","126","20","0"
"부산광역시 영도구 봉래동1가 (2620011500)","1,349","1,349","49","43","99","128","132","233","332","224","92","16","1","707","707","26","26","59","66","79","127","175","109","37","3","0","642","642","23","17","40","62","53","106","157","115","55","13","1"
"부산광역시 영도구 봉래동2가 (2620011600)","3,297","3,297","113","163","329","546","334","406","600","560","221","25","0","1,569","1,569","52","80","157","288","179","210","268","237","91","7","0","1,728","1,728","61","83","172","258","155","196","332","323","130","18","0"
"부산광역시 영도구 봉래동3가 (2620011700)","1,707","1,707","44","101","126","100","216","271","354","309","149","37","0","846","846","23","65","70","51","125","153","178","133","39","9","0","861","861","21","36","56","49","91","118","176","176","110","28","0"
"부산광역시 영도구 봉래동4가 (2620011800)","4,771","4,771","353","414","369","534","744","795","766","536","229","31","0","2,288","2,288","168","209","181","273","367","389","365","229","94","13","0","2,483","2,483","185","205","188","261","377","406","401","307","135","18","0"
"부산광역시 영도구 봉래동5가 (2620011900)","2,197","2,197","25","66","117","149","196","360","460","488","309","27","0","1,096","1,096","11","35","72","86","127","209","240","204","103","9","0","1,101","1,101","14","31","45","63","69","151","220","284","206","18","0"
"부산광역시 영도구 청학동 (2620012000)","20,481","20,481","716","1,455","1,527","1,759","2,541","3,479","4,061","3,321","1,434","183","5","10,014","10,014","349","768","829","955","1,311","1,783","1,959","1,466","554","40","0","10,467","10,467","367","687","698","804","1,230","1,696","2,102","1,855","880","143","5"
"부산광역시 영도구 동삼동 (2620012100)","40,274","40,274","1,499","2,660","4,022","3,514","4,877","6,608","7,925","6,213","2,610","340","6","19,848","19,848","809","1,364","2,342","1,873","2,526","3,272","3,814","2,822","934","92","0","20,426","20,426","690","1,296","1,680","1,641","2,351","3,336","4,111","3,391","1,676","248","6"
"부산광역시 부산진구  (2623000000)","364,912","364,912","18,150","24,610","45,754","54,401","48,851","55,516","58,627","39,708","16,896","2,349","50","174,246","174,246","9,242","12,277","21,239","27,570","24,912","27,160","27,162","17,640","6,425","616","3","190,666","190,666","8,908","12,333","24,515","26,831","23,939","28,356","31,465","22,068","10,471","1,733","47"
"부산광역시 부산진구 양정동 (2623010100)","39,756","39,756","2,381","2,460","5,642","7,432","5,473","5,736","5,228","3,543","1,626","234","1","18,455","18,455","1,199","1,199","2,346","3,514","2,816","2,739","2,415","1,552","608","67","0","21,301","21,301","1,182","1,261","3,296","3,918","2,657","2,997","2,813","1,991","1,018","167","1"
"부산광역시 부산진구 전포동 (2623010200)","43,244","43,244","1,950","2,403","7,293","8,208","5,707","5,791","5,567","4,111","1,949","258","7","20,431","20,431","990","1,162","3,219","4,275","2,868","2,796","2,534","1,776","740","71","0","22,813","22,813","960","1,241","4,074","3,933","2,839","2,995","3,033","2,335","1,209","187","7"
"부산광역시 부산진구 부전동 (2623010300)","22,111","22,111","767","793","5,400","4,768","2,631","2,676","2,761","1,609","624","80","2","11,041","11,041","402","370","2,247","2,572","1,452","1,494","1,466","760","251","27","0","11,070","11,070","365","423","3,153","2,196","1,179","1,182","1,295","849","373","53","2"
"부산광역시 부산진구 범천동 (2623010400)","33,828","33,828","1,558","1,551","4,440","6,386","4,486","4,505","5,340","3,755","1,571","233","3","15,887","15,887","796","767","1,890","3,133","2,342","2,230","2,460","1,643","575","51","0","17,941","17,941","762","784","2,550","3,253","2,144","2,275","2,880","2,112","996","182","3"
"부산광역시 부산진구 범전동 (2623010500)","4,260","4,260","372","201","644","863","550","673","554","294","94","15","0","1,965","1,965","183","102","245","403","277","307","253","147","41","7","0","2,295","2,295","189","99","399","460","273","366","301","147","53","8","0"
"부산광역시 부산진구 연지동 (2623010600)","25,246","25,246","1,759","2,263","1,947","2,959","3,858","4,095","4,112","2,857","1,211","179","6","12,014","12,014","920","1,149","1,025","1,468","1,876","1,965","1,798","1,270","488","55","0","13,232","13,232","839","1,114","922","1,491","1,982","2,130","2,314","1,587","723","124","6"
"부산광역시 부산진구 초읍동 (2623010700)","21,395","21,395","1,052","1,480","1,573","2,310","2,779","3,470","3,839","3,196","1,476","217","3","10,307","10,307","555","825","837","1,154","1,418","1,748","1,774","1,352","585","58","1","11,088","11,088","497","655","736","1,156","1,361","1,722","2,065","1,844","891","159","2"
"부산광역시 부산진구 부암동 (2623010800)","47,627","47,627","3,249","4,092","4,415","6,960","7,271","7,700","7,461","4,410","1,812","245","12","23,019","23,019","1,681","2,050","2,176","3,447","3,669","3,749","3,489","1,977","719","60","2","24,608","24,608","1,568","2,042","2,239","3,513","3,602","3,951","3,972","2,433","1,093","185","10"
"부산광역시 부산진구 당감동 (2623010900)","41,046","41,046","1,594","2,914","3,708","4,686","5,175","7,075","7,951","5,348","2,265","321","9","19,411","19,411","788","1,473","1,838","2,463","2,608","3,369","3,614","2,362","823","73","0","21,635","21,635","806","1,441","1,870","2,223","2,567","3,706","4,337","2,986","1,442","248","9"
"부산광역시 부산진구 가야동 (2623011000)","33,402","33,402","1,292","2,493","4,086","3,467","4,215","5,254","6,150","4,440","1,809","195","1","16,394","16,394","621","1,229","2,233","1,860","2,180","2,673","2,837","1,995","703","63","0","17,008","17,008","671","1,264","1,853","1,607","2,035","2,581","3,313","2,445","1,106","132","1"
"부산광역시 부산진구 개금동 (2623011100)","52,997","52,997","2,176","3,960","6,606","6,362","6,706","8,541","9,664","6,145","2,459","372","6","25,322","25,322","1,107","1,951","3,183","3,281","3,406","4,090","4,522","2,806","892","84","0","27,675","27,675","1,069","2,009","3,423","3,081","3,300","4,451","5,142","3,339","1,567","288","6"
"부산광역시 동래구  (2626000000)","271,097","271,097","16,643","26,414","24,899","31,745","42,041","43,821","42,302","29,810","11,698","1,695","29","130,313","130,313","8,502","13,703","12,601","15,845","20,653","21,273","19,290","13,174","4,820","450","2","140,784","140,784","8,141","12,711","12,298","15,900","21,388","22,548","23,012","16,636","6,878","1,245","27"
"부산광역시 동래구 명장동 (2626010100)","25,940","25,940","1,103","1,833","2,046","2,731","3,434","4,026","5,307","3,983","1,291","179","7","12,443","12,443","562","928","1,075","1,458","1,760","1,899","2,375","1,796","542","48","0","13,497","13,497","541","905","971","1,273","1,674","2,127","2,932","2,187","749","131","7"
"부산광역시 동래구 안락동 (2626010200)","38,083","38,083","1,693","3,258","3,241","3,930","5,112","6,341","7,203","5,163","1,884","256","2","18,372","18,372","907","1,672","1,728","2,032","2,541","3,057","3,248","2,345","789","53","0","19,711","19,711","786","1,586","1,513","1,898","2,571","3,284","3,955","2,818","1,095","203","2"
"부산광역시 동래구 칠산동 (2626010300)","2,617","2,617","23","103","170","232","246","422","649","484","251","37","0","1,336","1,336","14","58","97","142","151","231","334","205","94","10","0","1,281","1,281","9","45","73","90","95","191","315","279","157","27","0"
"부산광역시 동래구 낙민동 (2626010400)","19,502","19,502","1,326","1,991","1,636","2,429","3,120","2,955","3,113","2,055","766","110","1","9,385","9,385","684","1,083","840","1,179","1,517","1,395","1,401","925","331","29","1","10,117","10,117","642","908","796","1,250","1,603","1,560","1,712","1,130","435","81","0"
"부산광역시 동래구 복천동 (2626010500)","5,136","5,136","162","330","375","430","524","872","1,057","900","412","73","1","2,414","2,414","72","172","202","231","264","432","467","390","166","18","0","2,722","2,722","90","158","173","199","260","440","590","510","246","55","1"
"부산광역시 동래구 수안동 (2626010600)","9,352","9,352","284","578","864","998","1,066","1,635","1,699","1,504","633","87","4","4,472","4,472","139","300","470","550","552","812","752","628","248","21","0","4,880","4,880","145","278","394","448","514","823","947","876","385","66","4"
"부산광역시 동래구 명륜동 (2626010700)","24,963","24,963","2,033","3,615","2,079","2,578","4,788","4,291","2,874","1,813","757","135","0","12,275","12,275","1,097","2,003","1,083","1,172","2,255","2,120","1,380","816","312","37","0","12,688","12,688","936","1,612","996","1,406","2,533","2,171","1,494","997","445","98","0"
"부산광역시 동래구 온천동 (2626010800)","93,249","93,249","6,559","7,659","9,951","13,359","14,407","14,603","13,311","9,066","3,752","571","11","44,417","44,417","3,263","3,877","4,724","6,589","7,165","7,019","6,085","3,973","1,547","174","1","48,832","48,832","3,296","3,782","5,227","6,770","7,242","7,584","7,226","5,093","2,205","397","10"
"부산광역시 동래구 사직동 (2626010900)","52,255","52,255","3,460","7,047","4,537","5,058","9,344","8,676","7,089","4,842","1,952","247","3","25,199","25,199","1,764","3,610","2,382","2,492","4,448","4,308","3,248","2,096","791","60","0","27,056","27,056","1,696","3,437","2,155","2,566","4,896","4,368","3,841","2,746","1,161","187","3"
"부산광역시 남구  (2629000000)","254,413","254,413","12,398","22,419","30,401","28,046","35,053","41,644","40,071","29,610","12,979","1,762","30","123,416","123,416","6,395","11,417","15,908","14,494","17,443","20,577","18,557","12,989","5,183","449","4","130,997","130,997","6,003","11,002","14,493","13,552","17,610","21,067","21,514","16,621","7,796","1,313","26"
"부산광역시 남구 대연동 (2629010600)","96,521","96,521","5,327","9,162","16,280","11,679","13,824","14,141","12,282","9,076","4,178","561","11","46,921","46,921","2,734","4,593","8,414","5,983","6,827","6,957","5,632","3,908","1,714","159","0","49,600","49,600","2,593","4,569","7,866","5,696","6,997","7,184","6,650","5,168","2,464","402","11"
"부산광역시 남구 용호동 (2629010700)","77,864","77,864","3,767","7,663","6,700","7,097","11,004","13,761","13,434","9,845","3,988","594","11","37,161","37,161","1,941","3,863","3,565","3,544","5,282","6,675","6,140","4,425","1,588","135","3","40,703","40,703","1,826","3,800","3,135","3,553","5,722","7,086","7,294","5,420","2,400","459","8"
"부산광역시 남구 용당동 (2629010800)","7,465","7,465","279","636","804","642","878","1,424","1,348","991","398","63","2","3,798","3,798","131","336","490","364","449","703","667","477","165","16","0","3,667","3,667","148","300","314","278","429","721","681","514","233","47","2"
"부산광역시 남구 문현동 (2629010900)","42,186","42,186","1,756","2,974","4,078","5,121","5,499","7,224","7,400","5,316","2,517","297","4","20,538","20,538","918","1,551","2,078","2,699","2,830","3,619","3,550","2,274","931","87","1","21,648","21,648","838","1,423","2,000","2,422","2,669","3,605","3,850","3,042","1,586","210","3"
"부산광역시 남구 우암동 (2629011000)","17,030","17,030","918","1,106","1,456","2,331","2,251","2,716","2,906","2,293","925","128","0","8,308","8,308","498","597","753","1,225","1,170","1,346","1,334","985","381","19","0","8,722","8,722","420","509","703","1,106","1,081","1,370","1,572","1,308","544","109","0"
"부산광역시 남구 감만동 (2629011100)","13,347","13,347","351","878","1,083","1,176","1,597","2,378","2,701","2,089","973","119","2","6,690","6,690","173","477","608","679","885","1,277","1,234","920","404","33","0","6,657","6,657","178","401","475","497","712","1,101","1,467","1,169","569","86","2"
"부산광역시 북구  (2632000000)","260,736","260,736","12,738","20,157","23,870","31,159","33,315","44,563","52,013","30,124","11,180","1,580","37","127,667","127,667","6,581","10,375","12,757","16,453","17,093","20,963","24,870","13,959","4,265","350","1","133,069","133,069","6,157","9,782","11,113","14,706","16,222","23,600","27,143","16,165","6,915","1,230","36"
"부산광역시 북구 금곡동 (2632010100)","33,498","33,498","1,104","2,295","2,738","3,086","3,616","5,934","7,492","4,602","2,238","387","6","16,021","16,021","571","1,158","1,459","1,677","1,858","2,776","3,630","2,080","714","98","0","17,477","17,477","533","1,137","1,279","1,409","1,758","3,158","3,862","2,522","1,524","289","6"
"부산광역시 북구 화명동 (2632010200)","82,544","82,544","5,355","8,604","8,436","10,276","11,415","14,946","14,135","6,579","2,443","345","10","40,115","40,115","2,787","4,413","4,496","5,170","5,445","6,666","6,962","3,093","999","84","0","42,429","42,429","2,568","4,191","3,940","5,106","5,970","8,280","7,173","3,486","1,444","261","10"
"부산광역시 북구 만덕동 (2632010300)","57,715","57,715","3,509","4,490","4,570","7,323","8,117","8,877","11,271","7,129","2,149","273","7","27,791","27,791","1,799","2,343","2,390","3,698","4,136","4,109","5,013","3,365","886","52","0","29,924","29,924","1,710","2,147","2,180","3,625","3,981","4,768","6,258","3,764","1,263","221","7"
"부산광역시 북구 덕천동 (2632010400)","33,613","33,613","1,064","1,565","3,235","4,440","3,852","5,346","6,958","4,935","1,932","279","7","16,569","16,569","534","809","1,711","2,492","2,147","2,701","3,257","2,159","715","43","1","17,044","17,044","530","756","1,524","1,948","1,705","2,645","3,701","2,776","1,217","236","6"
"부산광역시 북구 구포동 (2632010500)","53,366","53,366","1,706","3,203","4,891","6,034","6,315","9,460","12,157","6,879","2,418","296","7","27,171","27,171","890","1,652","2,701","3,416","3,507","4,711","6,008","3,262","951","73","0","26,195","26,195","816","1,551","2,190","2,618","2,808","4,749","6,149","3,617","1,467","223","7"
"부산광역시 해운대구  (2635000000)","370,739","370,739","19,706","34,689","34,510","41,252","54,873","65,167","61,927","39,487","16,523","2,554","51","177,281","177,281","10,070","17,902","17,849","20,740","26,490","30,755","28,851","17,700","6,260","650","14","193,458","193,458","9,636","16,787","16,661","20,512","28,383","34,412","33,076","21,787","10,263","1,904","37"
"부산광역시 해운대구 반송동 (2635010100)","30,691","30,691","560","1,413","2,152","2,169","3,089","5,246","6,991","5,985","2,730","349","7","15,012","15,012","281","763","1,198","1,261","1,792","2,818","3,369","2,541","926","62","1","15,679","15,679","279","650","954","908","1,297","2,428","3,622","3,444","1,804","287","6"
"부산광역시 해운대구 석대동 (2635010200)","241","241","4","2","11","11","15","41","82","50","19","6","0","133","133","2","1","7","6","9","22","46","30","9","1","0","108","108","2","1","4","5","6","19","36","20","10","5","0"
"부산광역시 해운대구 반여동 (2635010300)","66,675","66,675","3,317","5,794","5,934","7,107","9,210","12,118","12,100","7,716","2,920","454","5","32,528","32,528","1,695","3,006","3,222","3,728","4,598","5,836","5,760","3,478","1,094","110","1","34,147","34,147","1,622","2,788","2,712","3,379","4,612","6,282","6,340","4,238","1,826","344","4"
"부산광역시 해운대구 재송동 (2635010400)","57,205","57,205","3,206","6,445","5,367","6,224","9,635","9,689","8,799","5,749","1,829","257","5","27,931","27,931","1,694","3,311","2,822","3,204","4,682","4,710","4,040","2,684","739","44","1","29,274","29,274","1,512","3,134","2,545","3,020","4,953","4,979","4,759","3,065","1,090","213","4"
"부산광역시 해운대구 우동 (2635010500)","81,359","81,359","5,589","8,499","7,162","9,217","13,245","13,948","12,245","7,759","3,174","506","15","38,483","38,483","2,838","4,381","3,596","4,354","6,216","6,418","5,638","3,556","1,331","149","6","42,876","42,876","2,751","4,118","3,566","4,863","7,029","7,530","6,607","4,203","1,843","357","9"
"부산광역시 해운대구 중동 (2635010600)","42,560","42,560","2,669","3,905","4,006","5,223","6,867","7,624","6,609","3,841","1,591","215","10","20,278","20,278","1,311","2,004","2,038","2,506","3,324","3,568","3,085","1,734","646","60","2","22,282","22,282","1,358","1,901","1,968","2,717","3,543","4,056","3,524","2,107","945","155","8"
"부산광역시 해운대구 좌동 (2635010700)","83,038","83,038","4,105","8,151","9,203","10,335","11,676","15,034","13,165","7,006","3,685","670","8","38,620","38,620","2,108","4,157","4,577","5,153","5,267","6,687","6,090","3,053","1,319","206","3","44,418","44,418","1,997","3,994","4,626","5,182","6,409","8,347","7,075","3,953","2,366","464","5"
"부산광역시 해운대구 송정동 (2635010800)","8,970","8,970","256","480","675","966","1,136","1,467","1,936","1,381","575","97","1","4,296","4,296","141","279","389","528","602","696","823","624","196","18","0","4,674","4,674","115","201","286","438","534","771","1,113","757","379","79","1"
"부산광역시 사하구  (2638000000)","282,159","282,159","11,660","22,475","28,190","29,704","38,100","48,144","53,519","35,314","13,199","1,802","52","139,724","139,724","5,985","11,531","15,193","16,057","19,879","23,821","25,483","16,230","5,130","408","7","142,435","142,435","5,675","10,944","12,997","13,647","18,221","24,323","28,036","19,084","8,069","1,394","45"
"부산광역시 사하구 괴정동 (2638010100)","53,371","53,371","2,228","4,261","4,609","5,159","7,345","8,682","9,881","7,720","3,056","418","12","25,586","25,586","1,183","2,128","2,396","2,746","3,729","4,200","4,498","3,365","1,248","92","1","27,785","27,785","1,045","2,133","2,213","2,413","3,616","4,482","5,383","4,355","1,808","326","11"
"부산광역시 사하구 당리동 (2638010200)","23,000","23,000","736","1,956","2,049","2,194","3,051","3,904","4,599","3,176","1,143","190","2","11,121","11,121","361","1,028","1,072","1,154","1,542","1,832","2,096","1,534","462","40","0","11,879","11,879","375","928","977","1,040","1,509","2,072","2,503","1,642","681","150","2"
"부산광역시 사하구 하단동 (2638010300)","45,800","45,800","1,472","3,313","7,944","5,891","5,661","7,120","7,603","4,768","1,790","232","6","23,155","23,155","785","1,684","4,393","3,336","3,015","3,506","3,503","2,126","736","69","2","22,645","22,645","687","1,629","3,551","2,555","2,646","3,614","4,100","2,642","1,054","163","4"
"부산광역시 사하구 신평동 (2638010400)","31,152","31,152","1,475","2,237","2,644","3,639","4,278","5,459","6,311","3,679","1,247","176","7","15,671","15,671","740","1,158","1,390","1,952","2,317","2,795","3,081","1,737","455","44","2","15,481","15,481","735","1,079","1,254","1,687","1,961","2,664","3,230","1,942","792","132","5"
"부산광역시 사하구 장림동 (2638010500)","37,708","37,708","1,925","3,318","3,401","4,434","5,831","6,577","6,642","4,091","1,337","146","6","19,119","19,119","972","1,720","1,840","2,418","3,104","3,391","3,194","1,910","542","28","0","18,589","18,589","953","1,598","1,561","2,016","2,727","3,186","3,448","2,181","795","118","6"
"부산광역시 사하구 다대동 (2638010600)","58,626","58,626","2,316","5,156","5,098","5,078","7,623","11,026","11,862","7,266","2,772","421","8","28,902","28,902","1,169","2,660","2,800","2,714","3,771","5,374","5,878","3,447","993","94","2","29,724","29,724","1,147","2,496","2,298","2,364","3,852","5,652","5,984","3,819","1,779","327","6"
"부산광역시 사하구 구평동 (2638010700)","12,070","12,070","1,041","1,042","962","1,773","2,038","1,901","1,884","1,068","311","50","0","6,139","6,139","542","580","510","876","1,115","943","905","539","119","10","0","5,931","5,931","499","462","452","897","923","958","979","529","192","40","0"
"부산광역시 사하구 감천동 (2638010800)","20,432","20,432","467","1,192","1,483","1,536","2,273","3,475","4,737","3,546","1,543","169","11","10,031","10,031","233","573","792","861","1,286","1,780","2,328","1,572","575","31","0","10,401","10,401","234","619","691","675","987","1,695","2,409","1,974","968","138","11"
"부산광역시 금정구  (2641000000)","205,672","205,672","7,669","15,434","25,459","20,516","24,919","33,098","38,490","26,924","11,375","1,746","42","99,854","99,854","3,841","7,755","13,704","11,073","12,601","15,954","17,984","11,954","4,540","440","8","105,818","105,818","3,828","7,679","11,755","9,443","12,318","17,144","20,506","14,970","6,835","1,306","34"
"부산광역시 금정구 두구동 (2641010100)","1,474","1,474","21","47","89","102","124","241","424","264","132","27","3","784","784","10","26","47","62","73","138","233","132","58","5","0","690","690","11","21","42","40","51","103","191","132","74","22","3"
"부산광역시 금정구 노포동 (2641010200)","665","665","26","65","22","35","44","98","143","160","58","13","1","353","353","12","35","11","19","26","53","78","87","26","6","0","312","312","14","30","11","16","18","45","65","73","32","7","1"
"부산광역시 금정구 청룡동 (2641010300)","8,191","8,191","276","532","699","706","825","1,349","1,754","1,325","622","103","0","3,929","3,929","142","283","370","401","404","631","811","593","263","31","0","4,262","4,262","134","249","329","305","421","718","943","732","359","72","0"
"부산광역시 금정구 남산동 (2641010400)","25,206","25,206","512","1,508","3,297","2,354","2,519","4,387","5,191","3,562","1,634","239","3","12,288","12,288","247","759","1,825","1,341","1,288","2,108","2,407","1,586","662","65","0","12,918","12,918","265","749","1,472","1,013","1,231","2,279","2,784","1,976","972","174","3"
"부산광역시 금정구 선동 (2641010500)","448","448","5","18","24","28","27","72","138","86","44","5","1","229","229","2","10","12","16","18","34","75","46","15","0","1","219","219","3","8","12","12","9","38","63","40","29","5","0"
"부산광역시 금정구 오륜동 (2641010600)","221","221","11","6","6","25","17","29","63","42","17","5","0","121","121","5","1","5","13","10","16","33","26","11","1","0","100","100","6","5","1","12","7","13","30","16","6","4","0"
"부산광역시 금정구 구서동 (2641010700)","48,308","48,308","2,251","4,547","4,710","5,047","6,356","8,350","8,940","5,492","2,216","386","13","22,828","22,828","1,089","2,205","2,477","2,595","3,053","3,778","4,157","2,483","891","96","4","25,480","25,480","1,162","2,342","2,233","2,452","3,303","4,572","4,783","3,009","1,325","290","9"
"부산광역시 금정구 장전동 (2641010800)","44,426","44,426","2,489","4,083","9,585","4,997","6,142","5,835","5,361","3,841","1,806","281","6","22,172","22,172","1,269","2,076","5,398","2,660","3,037","2,855","2,437","1,622","737","80","1","22,254","22,254","1,220","2,007","4,187","2,337","3,105","2,980","2,924","2,219","1,069","201","5"
"부산광역시 금정구 부곡동 (2641010900)","48,360","48,360","1,634","3,440","5,166","4,886","5,935","8,112","9,102","6,886","2,750","440","9","22,792","22,792","837","1,748","2,555","2,601","2,983","3,831","4,141","2,940","1,055","99","2","25,568","25,568","797","1,692","2,611","2,285","2,952","4,281","4,961","3,946","1,695","341","7"
"부산광역시 금정구 서동 (2641011000)","20,939","20,939","316","837","1,403","1,717","2,166","3,460","5,433","3,838","1,580","185","4","10,526","10,526","161","439","755","1,016","1,266","1,865","2,620","1,731","630","43","0","10,413","10,413","155","398","648","701","900","1,595","2,813","2,107","950","142","4"
"부산광역시 금정구 금사동 (2641011100)","4,356","4,356","76","176","266","390","423","668","1,160","837","334","25","1","2,204","2,204","34","90","139","207","247","363","582","412","126","4","0","2,152","2,152","42","86","127","183","176","305","578","425","208","21","1"
"부산광역시 금정구 회동동 (2641011200)","2,217","2,217","37","84","135","183","244","364","570","446","134","20","0","1,202","1,202","23","39","80","117","149","210","308","219","52","5","0","1,015","1,015","14","45","55","66","95","154","262","227","82","15","0"
"부산광역시 금정구 금성동 (2641011300)","861","861","15","91","57","46","97","133","211","145","48","17","1","426","426","10","44","30","25","47","72","102","77","14","5","0","435","435","5","47","27","21","50","61","109","68","34","12","1"
"부산광역시 강서구  (2644000000)","153,555","153,555","16,650","18,645","10,609","24,222","32,063","19,137","17,834","10,393","3,426","566","10","79,376","79,376","8,468","9,565","5,791","12,397","17,144","10,467","8,855","5,212","1,361","114","2","74,179","74,179","8,182","9,080","4,818","11,825","14,919","8,670","8,979","5,181","2,065","452","8"
"부산광역시 강서구 대저1동 (2644010100)","5,332","5,332","84","183","291","441","480","765","1,385","1,160","479","62","2","2,924","2,924","37","85","174","258","306","459","769","618","205","13","0","2,408","2,408","47","98","117","183","174","306","616","542","274","49","2"
"부산광역시 강서구 대저2동 (2644010200)","5,833","5,833","266","353","599","717","649","752","1,220","845","361","69","2","3,264","3,264","138","181","418","428","385","455","678","425","141","15","0","2,569","2,569","128","172","181","289","264","297","542","420","220","54","2"
"부산광역시 강서구 강동동 (2644010300)","20,571","20,571","4,170","1,788","821","4,774","4,121","1,703","1,766","973","382","73","0","10,429","10,429","2,127","907","411","2,209","2,269","941","920","498","130","17","0","10,142","10,142","2,043","881","410","2,565","1,852","762","846","475","252","56","0"
"부산광역시 강서구 명지동 (2644010400)","83,843","83,843","9,854","12,752","6,069","13,164","19,731","10,081","7,221","3,828","976","165","2","41,993","41,993","4,979","6,489","3,080","6,441","10,076","5,240","3,361","1,880","413","33","1","41,850","41,850","4,875","6,263","2,989","6,723","9,655","4,841","3,860","1,948","563","132","1"
"부산광역시 강서구 죽림동 (2644010500)","328","328","2","6","8","18","33","60","99","63","34","5","0","177","177","2","2","2","13","24","37","47","35","14","1","0","151","151","0","4","6","5","9","23","52","28","20","4","0"
"부산광역시 강서구 식만동 (2644010600)","410","410","4","12","24","33","27","61","94","104","45","6","0","225","225","2","7","17","19","19","34","52","55","19","1","0","185","185","2","5","7","14","8","27","42","49","26","5","0"
"부산광역시 강서구 죽동동 (2644010700)","372","372","4","10","12","16","26","50","91","98","56","9","0","190","190","2","5","7","13","13","27","46","52","25","0","0","182","182","2","5","5","3","13","23","45","46","31","9","0"
"부산광역시 강서구 봉림동 (2644010800)","864","864","5","14","21","56","65","120","259","213","92","19","0","479","479","4","7","11","40","44","78","138","116","38","3","0","385","385","1","7","10","16","21","42","121","97","54","16","0"
"부산광역시 강서구 송정동 (2644010900)","1,318","1,318","10","23","248","311","97","185","233","130","68","13","0","846","846","6","10","179","225","64","125","143","68","24","2","0","472","472","4","13","69","86","33","60","90","62","44","11","0"
"부산광역시 강서구 화전동 (2644011000)","3,558","3,558","188","114","396","764","661","634","539","210","42","10","0","2,224","2,224","97","62","271","501","453","401","308","113","15","3","0","1,334","1,334","91","52","125","263","208","233","231","97","27","7","0"
"부산광역시 강서구 녹산동 (2644011100)","1,084","1,084","23","38","43","109","102","160","281","207","103","17","1","559","559","14","18","30","66","63","98","138","101","29","2","0","525","525","9","20","13","43","39","62","143","106","74","15","1"
"부산광역시 강서구 생곡동 (2644011200)","243","243","8","4","13","19","25","39","74","39","18","4","0","130","130","2","3","8","15","16","22","36","24","2","2","0","113","113","6","1","5","4","9","17","38","15","16","2","0"
"부산광역시 강서구 구랑동 (2644011300)","41","41","1","0","4","7","3","7","14","5","0","0","0","33","33","1","0","3","7","1","6","10","5","0","0","0","8","8","0","0","1","0","2","1","4","0","0","0","0"
"부산광역시 강서구 지사동 (2644011400)","9,706","9,706","1,002","1,359","506","1,446","2,447","1,211","935","583","197","20","0","5,076","5,076","535","724","248","741","1,354","712","433","244","78","7","0","4,630","4,630","467","635","258","705","1,093","499","502","339","119","13","0"
"부산광역시 강서구 미음동 (2644011500)","67","67","0","2","3","15","11","14","19","2","0","1","0","51","51","0","1","2","13","10","10","13","1","0","1","0","16","16","0","1","1","2","1","4","6","1","0","0","0"
"부산광역시 강서구 범방동 (2644011600)","991","991","12","26","86","144","143","196","233","103","39","9","0","678","678","7","14","67","113","113","151","147","54","9","3","0","313","313","5","12","19","31","30","45","86","49","30","6","0"
"부산광역시 강서구 신호동 (2644011700)","14,969","14,969","932","1,837","1,250","1,844","3,021","2,402","2,218","1,136","289","38","2","7,953","7,953","475","989","733","1,085","1,673","1,282","1,020","571","118","7","0","7,016","7,016","457","848","517","759","1,348","1,120","1,198","565","171","31","2"
"부산광역시 강서구 동선동 (2644011800)","1,003","1,003","30","51","62","83","97","195","275","159","43","8","0","522","522","14","25","43","44","55","101","128","92","19","1","0","481","481","16","26","19","39","42","94","147","67","24","7","0"
"부산광역시 강서구 성북동 (2644011900)","1,040","1,040","25","37","68","138","124","157","279","145","56","10","1","569","569","12","20","44","85","84","85","145","69","24","0","1","471","471","13","17","24","53","40","72","134","76","32","10","0"
"부산광역시 강서구 눌차동 (2644012000)","715","715","12","9","36","43","74","139","202","138","52","10","0","383","383","5","4","16","25","52","85","107","65","23","1","0","332","332","7","5","20","18","22","54","95","73","29","9","0"
"부산광역시 강서구 천성동 (2644012100)","764","764","9","20","30","41","75","118","251","159","51","10","0","419","419","3","9","17","30","42","66","147","83","20","2","0","345","345","6","11","13","11","33","52","104","76","31","8","0"
"부산광역시 강서구 대항동 (2644012200)","503","503","9","7","19","39","51","88","146","93","43","8","0","252","252","6","3","10","26","28","52","69","43","15","0","0","251","251","3","4","9","13","23","36","77","50","28","8","0"
"부산광역시 연제구  (2647000000)","211,464","211,464","12,084","17,229","21,029","28,495","30,803","33,476","33,434","23,847","9,739","1,301","27","100,606","100,606","6,153","8,726","10,251","14,218","15,204","16,035","15,230","10,509","3,930","346","4","110,858","110,858","5,931","8,503","10,778","14,277","15,599","17,441","18,204","13,338","5,809","955","23"
"부산광역시 연제구 거제동 (2647010100)","70,536","70,536","4,905","7,975","6,542","7,641","11,456","11,921","9,674","6,876","3,130","407","9","33,543","33,543","2,488","4,068","3,319","3,740","5,419","5,747","4,436","2,948","1,262","114","2","36,993","36,993","2,417","3,907","3,223","3,901","6,037","6,174","5,238","3,928","1,868","293","7"
"부산광역시 연제구 연산동 (2647010200)","140,928","140,928","7,179","9,254","14,487","20,854","19,347","21,555","23,760","16,971","6,609","894","18","67,063","67,063","3,665","4,658","6,932","10,478","9,785","10,288","10,794","7,561","2,668","232","2","73,865","73,865","3,514","4,596","7,555","10,376","9,562","11,267","12,966","9,410","3,941","662","16"
"부산광역시 수영구  (2650000000)","168,440","168,440","7,202","11,406","18,958","22,958","22,774","25,956","27,392","21,266","9,161","1,341","26","78,874","78,874","3,659","5,891","8,877","11,675","11,245","12,311","11,982","9,105","3,772","355","2","89,566","89,566","3,543","5,515","10,081","11,283","11,529","13,645","15,410","12,161","5,389","986","24"
"부산광역시 수영구 망미동 (2650010100)","34,288","34,288","1,322","2,498","2,770","3,638","4,479","5,339","6,425","5,273","2,189","347","8","16,328","16,328","679","1,349","1,396","1,884","2,280","2,582","2,795","2,329","938","96","0","17,960","17,960","643","1,149","1,374","1,754","2,199","2,757","3,630","2,944","1,251","251","8"
"부산광역시 수영구 수영동 (2650010200)","13,407","13,407","393","564","1,294","1,601","1,477","1,978","2,531","2,345","1,080","143","1","6,380","6,380","202","299","614","839","793","1,015","1,131","999","463","25","0","7,027","7,027","191","265","680","762","684","963","1,400","1,346","617","118","1"
"부산광역시 수영구 민락동 (2650010300)","26,954","26,954","1,612","1,814","2,518","3,779","3,948","4,389","4,438","3,139","1,156","158","3","12,930","12,930","815","936","1,333","1,925","1,971","2,076","1,992","1,374","468","40","0","14,024","14,024","797","878","1,185","1,854","1,977","2,313","2,446","1,765","688","118","3"
"부산광역시 수영구 광안동 (2650010400)","64,065","64,065","2,150","3,753","9,527","10,352","8,453","9,201","9,350","7,425","3,384","462","8","29,528","29,528","1,093","1,936","4,124","5,291","4,112","4,347","4,065","3,099","1,326","134","1","34,537","34,537","1,057","1,817","5,403","5,061","4,341","4,854","5,285","4,326","2,058","328","7"
"부산광역시 수영구 남천동 (2650010500)","29,726","29,726","1,725","2,777","2,849","3,588","4,417","5,049","4,648","3,084","1,352","231","6","13,708","13,708","870","1,371","1,410","1,736","2,089","2,291","1,999","1,304","577","60","1","16,018","16,018","855","1,406","1,439","1,852","2,328","2,758","2,649","1,780","775","171","5"
"부산광역시 사상구  (2653000000)","192,475","192,475","7,069","13,188","20,624","22,402","23,603","32,677","40,237","23,675","7,973","1,004","23","96,004","96,004","3,706","6,663","10,582","12,283","12,478","16,354","19,801","10,925","3,013","197","2","96,471","96,471","3,363","6,525","10,042","10,119","11,125","16,323","20,436","12,750","4,960","807","21"
"부산광역시 사상구 삼락동 (2653010100)","4,708","4,708","115","211","321","396","449","852","1,230","783","312","39","0","2,437","2,437","52","98","187","211","250","496","674","348","114","7","0","2,271","2,271","63","113","134","185","199","356","556","435","198","32","0"
"부산광역시 사상구 모라동 (2653010200)","33,540","33,540","953","1,983","2,652","3,285","3,753","5,721","7,678","5,322","1,933","252","8","16,392","16,392","479","1,022","1,416","1,803","2,007","2,933","3,711","2,289","687","45","0","17,148","17,148","474","961","1,236","1,482","1,746","2,788","3,967","3,033","1,246","207","8"
"부산광역시 사상구 덕포동 (2653010300)","22,923","22,923","1,172","1,652","2,022","2,793","2,928","3,766","4,796","2,772","924","96","2","11,505","11,505","600","853","1,088","1,487","1,551","1,870","2,370","1,317","351","18","0","11,418","11,418","572","799","934","1,306","1,377","1,896","2,426","1,455","573","78","2"
"부산광역시 사상구 괘법동 (2653010400)","24,139","24,139","786","989","4,168","4,207","2,702","3,539","4,613","2,382","668","82","3","12,329","12,329","412","504","1,881","2,331","1,504","1,844","2,396","1,165","272","20","0","11,810","11,810","374","485","2,287","1,876","1,198","1,695","2,217","1,217","396","62","3"
"부산광역시 사상구 감전동 (2653010500)","11,190","11,190","246","459","923","1,264","1,219","1,922","2,778","1,691","611","75","2","5,855","5,855","139","230","492","730","729","1,027","1,489","762","242","15","0","5,335","5,335","107","229","431","534","490","895","1,289","929","369","60","2"
"부산광역시 사상구 주례동 (2653010600)","48,003","48,003","1,922","3,666","6,158","5,711","5,973","7,856","9,273","5,337","1,857","245","5","23,796","23,796","1,041","1,792","3,097","3,136","3,165","3,753","4,482","2,524","751","54","1","24,207","24,207","881","1,874","3,061","2,575","2,808","4,103","4,791","2,813","1,106","191","4"
"부산광역시 사상구 학장동 (2653010700)","24,993","24,993","858","1,926","2,197","2,314","3,339","4,610","5,326","3,251","1,048","121","3","12,311","12,311","455","1,023","1,206","1,252","1,705","2,308","2,468","1,505","367","21","1","12,682","12,682","403","903","991","1,062","1,634","2,302","2,858","1,746","681","100","2"
"부산광역시 사상구 엄궁동 (2653010800)","22,979","22,979","1,017","2,302","2,183","2,432","3,240","4,411","4,543","2,137","620","94","0","11,379","11,379","528","1,141","1,215","1,333","1,567","2,123","2,211","1,015","229","17","0","11,600","11,600","489","1,161","968","1,099","1,673","2,288","2,332","1,122","391","77","0"
"부산광역시 기장군  (2671000000)","175,262","175,262","12,008","20,084","14,459","20,213","30,998","28,389","24,006","16,881","7,083","1,109","32","86,901","86,901","6,155","10,314","7,796","10,517","15,581","14,555","11,409","7,602","2,723","246","3","88,361","88,361","5,853","9,770","6,663","9,696","15,417","13,834","12,597","9,279","4,360","863","29"
"부산광역시 기장군 기장읍 동부리(2671025021)","7,603","7,603","257","562","716","731","971","1,458","1,437","975","442","51","3","3,773","3,773","138","285","391","415","518","732","668","446","166","14","0","3,830","3,830","119","277","325","316","453","726","769","529","276","37","3"
"부산광역시 기장군 기장읍 교리(2671025022)","9,837","9,837","424","939","952","948","1,411","1,922","1,651","1,070","444","75","1","4,914","4,914","224","512","534","547","702","965","771","474","168","16","1","4,923","4,923","200","427","418","401","709","957","880","596","276","59","0"
"부산광역시 기장군 기장읍 신천리(2671025023)","107","107","1","3","9","10","10","12","23","27","10","2","0","59","59","0","1","6","5","7","6","12","15","5","2","0","48","48","1","2","3","5","3","6","11","12","5","0","0"
"부산광역시 기장군 기장읍 죽성리(2671025024)","1,263","1,263","9","27","42","54","154","196","192","271","262","51","5","372","372","2","12","13","15","47","67","65","81","61","9","0","891","891","7","15","29","39","107","129","127","190","201","42","5"
"부산광역시 기장군 기장읍 서부리(2671025025)","2,951","2,951","93","218","240","239","372","551","626","405","177","28","2","1,424","1,424","34","113","134","137","193","273","288","186","58","8","0","1,527","1,527","59","105","106","102","179","278","338","219","119","20","2"
"부산광역시 기장군 기장읍 대라리(2671025026)","13,268","13,268","452","1,106","1,461","1,352","1,805","2,532","2,332","1,507","640","81","0","6,708","6,708","227","572","769","814","927","1,294","1,172","656","257","20","0","6,560","6,560","225","534","692","538","878","1,238","1,160","851","383","61","0"
"부산광역시 기장군 기장읍 청강리(2671025027)","8,345","8,345","658","408","705","1,512","1,208","1,215","1,328","847","396","67","1","4,082","4,082","346","208","366","760","632","604","621","387","141","17","0","4,263","4,263","312","200","339","752","576","611","707","460","255","50","1"
"부산광역시 기장군 기장읍 대변리(2671025028)","1,202","1,202","31","61","67","110","121","210","297","194","93","15","3","589","589","10","34","47","56","74","113","144","77","32","2","0","613","613","21","27","20","54","47","97","153","117","61","13","3"
"부산광역시 기장군 기장읍 연화리(2671025029)","704","704","44","20","51","106","88","124","122","84","57","8","0","348","348","24","11","30","54","53","58","69","32","14","3","0","356","356","20","9","21","52","35","66","53","52","43","5","0"
"부산광역시 기장군 기장읍 만화리(2671025030)","179","179","4","3","2","12","10","17","51","66","10","4","0","100","100","1","2","2","6","8","10","27","37","6","1","0","79","79","3","1","0","6","2","7","24","29","4","3","0"
"부산광역시 기장군 기장읍 석산리(2671025031)","123","123","4","7","5","3","8","20","33","27","13","3","0","64","64","1","4","4","1","4","10","17","14","8","1","0","59","59","3","3","1","2","4","10","16","13","5","2","0"
"부산광역시 기장군 기장읍 당사리(2671025032)","685","685","22","13","19","32","30","37","172","232","115","13","0","298","298","12","6","9","18","16","11","69","101","49","7","0","387","387","10","7","10","14","14","26","103","131","66","6","0"
"부산광역시 기장군 기장읍 시랑리(2671025033)","631","631","11","25","42","58","78","113","129","108","60","7","0","331","331","8","19","25","36","46","66","61","48","21","1","0","300","300","3","6","17","22","32","47","68","60","39","6","0"
"부산광역시 기장군 기장읍 내리(2671025034)","3,800","3,800","183","242","260","381","425","631","803","591","238","44","2","1,728","1,728","103","127","137","193","202","263","357","250","88","8","0","2,072","2,072","80","115","123","188","223","368","446","341","150","36","2"
"부산광역시 기장군 장안읍 좌천리(2671025321)","1,570","1,570","16","48","116","119","151","309","401","281","112","16","1","830","830","9","24","74","72","89","171","211","127","47","6","0","740","740","7","24","42","47","62","138","190","154","65","10","1"
"부산광역시 기장군 장안읍 효암리(2671025322)","0","0","0","0","0","0","0","0","0","0","0","0","0","0","0","0","0","0","0","0","0","0","0","0","0","0","0","0","0","0","0","0","0","0","0","0","0","0","0"
"부산광역시 기장군 장안읍 고리(2671025323)","0","0","0","0","0","0","0","0","0","0","0","0","0","0","0","0","0","0","0","0","0","0","0","0","0","0","0","0","0","0","0","0","0","0","0","0","0","0","0"
"부산광역시 기장군 장안읍 좌동리(2671025324)","176","176","0","1","14","10","10","24","52","44","18","3","0","95","95","0","0","6","7","5","16","28","23","9","1","0","81","81","0","1","8","3","5","8","24","21","9","2","0"
"부산광역시 기장군 장안읍 장안리(2671025325)","295","295","4","9","21","20","20","39","75","70","32","5","0","152","152","3","5","14","13","11","22","36","36","12","0","0","143","143","1","4","7","7","9","17","39","34","20","5","0"
"부산광역시 기장군 장안읍 덕선리(2671025326)","221","221","0","5","7","20","19","29","74","46","16","5","0","117","117","0","2","5","10","11","14","41","27","5","2","0","104","104","0","3","2","10","8","15","33","19","11","3","0"
"부산광역시 기장군 장안읍 용소리(2671025327)","189","189","2","11","3","13","10","28","56","40","20","6","0","94","94","1","5","2","10","4","15","30","19","7","1","0","95","95","1","6","1","3","6","13","26","21","13","5","0"
"부산광역시 기장군 장안읍 기룡리(2671025328)","353","353","0","11","18","23","29","64","90","55","42","19","2","194","194","0","8","14","14","24","36","51","29","14","4","0","159","159","0","3","4","9","5","28","39","26","28","15","2"
"부산광역시 기장군 장안읍 명례리(2671025329)","383","383","3","23","45","44","40","48","79","62","31","8","0","223","223","1","12","33","33","28","29","46","32","9","0","0","160","160","2","11","12","11","12","19","33","30","22","8","0"
"부산광역시 기장군 장안읍 월내리(2671025330)","1,031","1,031","11","27","75","77","97","162","256","204","105","17","0","537","537","6","13","47","56","56","86","131","93","46","3","0","494","494","5","14","28","21","41","76","125","111","59","14","0"
"부산광역시 기장군 장안읍 반룡리(2671025331)","291","291","5","9","17","43","44","42","66","48","14","3","0","184","184","3","5","15","36","33","28","35","23","6","0","0","107","107","2","4","2","7","11","14","31","25","8","3","0"
"부산광역시 기장군 장안읍 임랑리(2671025332)","435","435","5","16","28","26","34","86","103","79","50","8","0","230","230","2","7","18","19","21","49","55","34","20","5","0","205","205","3","9","10","7","13","37","48","45","30","3","0"
"부산광역시 기장군 장안읍 오리(2671025333)","547","547","7","21","36","24","43","90","153","103","53","17","0","294","294","6","13","23","13","25","43","87","65","18","1","0","253","253","1","8","13","11","18","47","66","38","35","16","0"
"부산광역시 기장군 장안읍 길천리(2671025334)","2,907","2,907","292","185","307","570","418","466","366","183","99","21","0","1,625","1,625","156","94","174","324","263","282","206","89","35","2","0","1,282","1,282","136","91","133","246","155","184","160","94","64","19","0"
"부산광역시 기장군 정관읍 방곡리(2671025621)","6,999","6,999","713","1,020","472","893","1,771","996","651","342","122","19","0","3,522","3,522","368","525","239","433","908","523","300","170","50","6","0","3,477","3,477","345","495","233","460","863","473","351","172","72","13","0"
"부산광역시 기장군 정관읍 매학리(2671025622)","6,020","6,020","495","762","630","970","1,307","813","551","323","133","35","1","3,101","3,101","256","377","306","524","716","446","273","145","53","5","0","2,919","2,919","239","385","324","446","591","367","278","178","80","30","1"
"부산광역시 기장군 정관읍 임곡리(2671025623)","225","225","2","9","17","14","14","37","58","56","15","3","0","122","122","1","9","9","8","10","21","35","26","2","1","0","103","103","1","0","8","6","4","16","23","30","13","2","0"
"부산광역시 기장군 정관읍 월평리(2671025624)","301","301","4","12","21","21","24","42","72","71","26","8","0","152","152","0","8","13","13","14","24","35","32","13","0","0","149","149","4","4","8","8","10","18","37","39","13","8","0"
"부산광역시 기장군 정관읍 달산리(2671025625)","10,759","10,759","701","1,343","897","1,249","2,151","1,657","1,301","1,016","389","55","0","5,468","5,468","362","680","516","735","1,120","877","580","443","143","12","0","5,291","5,291","339","663","381","514","1,031","780","721","573","246","43","0"
"부산광역시 기장군 정관읍 병산리(2671025626)","141","141","4","8","4","6","12","25","31","34","17","0","0","77","77","1","2","3","4","6","14","16","19","12","0","0","64","64","3","6","1","2","6","11","15","15","5","0","0"
"부산광역시 기장군 정관읍 모전리(2671025627)","27,960","27,960","2,302","4,842","2,163","2,756","6,391","4,575","2,358","1,860","624","87","2","13,692","13,692","1,188","2,523","1,131","1,305","3,040","2,396","1,059","776","253","21","0","14,268","14,268","1,114","2,319","1,032","1,451","3,351","2,179","1,299","1,084","371","66","2"
"부산광역시 기장군 정관읍 용수리(2671025628)","24,247","24,247","1,920","4,621","1,957","1,991","5,378","4,188","1,960","1,516","644","70","2","11,848","11,848","966","2,384","1,049","919","2,508","2,190","899","654","263","16","0","12,399","12,399","954","2,237","908","1,072","2,870","1,998","1,061","862","381","54","2"
"부산광역시 기장군 정관읍 두명리(2671025629)","147","147","0","4","12","2","7","20","28","42","29","3","0","70","70","0","2","5","2","3","11","15","19","11","2","0","77","77","0","2","7","0","4","9","13","23","18","1","0"
"부산광역시 기장군 정관읍 예림리(2671025630)","418","418","7","6","22","38","62","70","103","77","22","11","0","244","244","2","5","10","25","39","39","64","47","10","3","0","174","174","5","1","12","13","23","31","39","30","12","8","0"
"부산광역시 기장군 일광읍 삼성리(2671025921)","23,521","23,521","2,871","2,583","1,951","4,459","4,668","2,889","2,486","1,227","340","45","2","11,511","11,511","1,461","1,275","1,003","2,156","2,374","1,366","1,142","584","140","10","0","12,010","12,010","1,410","1,308","948","2,303","2,294","1,523","1,344","643","200","35","2"
"부산광역시 기장군 일광읍 이천리(2671025922)","4,973","4,973","257","323","449","541","663","962","946","553","235","40","4","2,467","2,467","134","160","254","288","337","478","468","245","93","9","1","2,506","2,506","123","163","195","253","326","484","478","308","142","31","3"
"부산광역시 기장군 일광읍 학리(2671025923)","389","389","5","11","26","26","36","55","95","94","39","2","0","196","196","4","5","15","14","19","38","41","43","17","0","0","193","193","1","6","11","12","17","17","54","51","22","2","0"
"부산광역시 기장군 일광읍 동백리(2671025924)","388","388","6","14","30","29","28","66","76","81","45","13","0","193","193","3","5","20","20","12","39","38","36","18","2","0","195","195","3","9","10","9","16","27","38","45","27","11","0"
"부산광역시 기장군 일광읍 문중리(2671025925)","278","278","5","18","25","20","30","36","68","52","20","4","0","144","144","2","11","12","13","18","18","37","26","7","0","0","134","134","3","7","13","7","12","18","31","26","13","4","0"
"부산광역시 기장군 일광읍 신평리(2671025926)","269","269","7","8","14","21","21","28","67","66","33","4","0","128","128","4","1","4","15","10","12","39","27","16","0","0","141","141","3","7","10","6","11","16","28","39","17","4","0"
"부산광역시 기장군 일광읍 칠암리(2671025927)","453","453","8","30","35","40","50","69","83","83","47","8","0","241","241","7","19","25","30","35","38","42","29","15","1","0","212","212","1","11","10","10","15","31","41","54","32","7","0"
"부산광역시 기장군 일광읍 문동리(2671025928)","272","272","6","10","8","17","26","44","73","55","30","3","0","136","136","3","6","6","12","16","20","35","29","9","0","0","136","136","3","4","2","5","10","24","38","26","21","3","0"
"부산광역시 기장군 일광읍 청광리(2671025929)","77","77","2","3","0","9","9","5","21","21","7","0","0","39","39","1","2","0","5","5","4","8","12","2","0","0","38","38","1","1","0","4","4","1","13","9","5","0","0"
"부산광역시 기장군 일광읍 원리(2671025930)","479","479","4","31","34","37","38","84","116","89","33","13","0","265","265","2","12","21","27","21","50","67","52","13","0","0","214","214","2","19","13","10","17","34","49","37","20","13","0"
"부산광역시 기장군 일광읍 화전리(2671025931)","345","345","8","15","14","19","29","50","80","72","44","14","0","166","166","4","10","9","12","16","24","40","35","13","3","0","179","179","4","5","5","7","13","26","40","37","31","11","0"
"부산광역시 기장군 일광읍 횡계리(2671025932)","116","116","3","8","6","4","12","19","32","24","6","2","0","63","63","2","5","3","4","6","11","15","13","4","0","0","53","53","1","3","3","0","6","8","17","11","2","2","0"
"부산광역시 기장군 일광읍 용천리(2671025933)","293","293","0","3","18","22","12","36","106","63","29","4","0","151","151","0","1","9","9","9","19","58","34","10","2","0","142","142","0","2","9","13","3","17","48","29","19","2","0"
"부산광역시 기장군 철마면 와여리(2671033021)","258","258","3","17","14","13","17","51","53","54","31","5","0","138","138","0","8","9","7","11","27","31","32","12","1","0","120","120","3","9","5","6","6","24","22","22","19","4","0"
"부산광역시 기장군 철마면 장전리(2671033022)","313","313","2","14","15","29","23","37","81","63","45","4","0","157","157","1","7","9","14","9","22","41","33","19","2","0","156","156","1","7","6","15","14","15","40","30","26","2","0"
"부산광역시 기장군 철마면 백길리(2671033023)","86","86","1","6","6","9","7","14","28","7","4","4","0","49","49","0","2","3","5","3","8","21","5","2","0","0","37","37","1","4","3","4","4","6","7","2","2","4","0"
"부산광역시 기장군 철마면 송정리(2671033024)","518","518","6","16","25","39","31","85","128","127","50","11","0","271","271","2","7","19","27","21","49","66","58","20","2","0","247","247","4","9","6","12","10","36","62","69","30","9","0"
"부산광역시 기장군 철마면 웅천리(2671033025)","419","419","7","18","20","20","24","51","118","95","59","7","0","215","215","4","6","12","12","11","30","62","51","26","1","0","204","204","3","12","8","8","13","21","56","44","33","6","0"
"부산광역시 기장군 철마면 연구리(2671033026)","235","235","7","12","7","5","16","42","61","60","23","2","0","131","131","5","5","6","3","10","26","36","34","6","0","0","104","104","2","7","1","2","6","16","25","26","17","2","0"
"부산광역시 기장군 철마면 구칠리(2671033027)","292","292","2","8","11","21","19","63","84","55","22","7","0","162","162","0","3","9","14","13","41","40","34","7","1","0","130","130","2","5","2","7","6","22","44","21","15","6","0"
"부산광역시 기장군 철마면 이곡리(2671033028)","146","146","0","6","4","6","14","18","47","32","16","3","0","86","86","0","1","2","5","9","14","29","16","9","1","0","60","60","0","5","2","1","5","4","18","16","7","2","0"
"부산광역시 기장군 철마면 고촌리(2671033029)","4,116","4,116","99","283","263","315","451","728","889","782","275","31","0","1,958","1,958","50","146","151","171","221","358","380","355","117","9","0","2,158","2,158","49","137","112","144","230","370","509","427","158","22","0"
"부산광역시 기장군 철마면 안평리(2671033030)","272","272","8","8","8","12","19","46","62","68","37","4","0","139","139","3","2","5","7","12","26","31","34","18","1","0","133","133","5","6","3","5","7","20","31","34","19","3","0"
"부산광역시 기장군 철마면 임기리(2671033031)","441","441","5","12","23","23","32","63","126","102","43","11","1","234","234","2","6","17","15","20","33","68","53","18","1","1","207","207","3","6","6","8","12","30","58","49","25","10","0"
